{
  "version": 1,
  "author": "TheV",
  "editor": "wokwi",
  "parts": [
    {
      "type": "wokwi-arduino-mega",
      "id": "mega",
      "top": 74.01,
      "left": -216.67,
      "rotate": 90,
      "attrs": {}
    },
    {
      "type": "wokwi-ds1307",
      "id": "rtc2",
      "top": 140.67,
      "left": -255.33,
      "rotate": 90,
      "attrs": {}
    },
    { "type": "wokwi-lcd1602", "id": "lcd1", "top": 123.34, "left": 467.34, "attrs": {} },
    {
      "type": "wokwi-potentiometer",
      "id": "pot1",
      "top": 420.67,
      "left": 478.67,
      "rotate": 180,
      "attrs": {}
    },
    {
      "type": "wokwi-resistor",
      "id": "r1",
      "top": 310.01,
      "left": 604.66,
      "rotate": 90,
      "attrs": {}
    },
    {
      "type": "wokwi-ntc-temperature-sensor",
      "id": "ntc1",
      "top": 194.01,
      "left": 264.01,
      "rotate": 180,
      "attrs": {}
    },
    {
      "type": "wokwi-slide-switch",
      "id": "sw1",
      "top": 135.99,
      "left": 141.34,
      "rotate": 90,
      "attrs": {}
    },
    {
      "type": "wokwi-led",
      "id": "led1",
      "top": 82.65,
      "left": 148.01,
      "rotate": 90,
      "attrs": { "color": "red" }
    },
    { "type": "wokwi-resistor", "id": "r2", "top": 121.33, "left": 123.33, "attrs": {} },
    {
      "type": "wokwi-led",
      "id": "led2",
      "top": 36.02,
      "left": 161.33,
      "rotate": 90,
      "attrs": { "color": "red" }
    },
    { "type": "wokwi-resistor", "id": "r3", "top": 74.02, "left": 138, "attrs": {} }
  ],
  "connections": [
    [ "rtc2:GND", "mega:GND.2", "black", [ "v0" ] ],
    [ "mega:SCL", "rtc2:SCL", "green", [ "h0" ] ],
    [ "rtc2:SDA", "mega:SDA", "green", [ "v0" ] ],
    [ "mega:5V", "rtc2:5V", "red", [ "h-46", "v1" ] ],
    [ "mega:2", "lcd1:RS", "green", [ "h21", "v76", "h11" ] ],
    [ "mega:3", "lcd1:E", "green", [ "h25", "v83", "h169" ] ],
    [ "mega:4", "lcd1:D4", "green", [ "h31", "v89", "h9" ] ],
    [ "mega:5", "lcd1:D5", "green", [ "h36", "v96", "h215" ] ],
    [ "mega:6", "lcd1:D6", "green", [ "h42", "v102", "h1" ] ],
    [ "mega:7", "lcd1:D7", "green", [ "h46", "v108", "h7" ] ],
    [ "mega:GND.2", "lcd1:K", "black", [ "h-30", "v233", "h279", "v-27", "h223" ] ],
    [ "mega:5V", "r1:2", "red", [ "h-38", "v228", "h424", "v-17", "h-143" ] ],
    [ "r1:1", "lcd1:A", "green", [ "h0" ] ],
    [ "mega:GND.5", "lcd1:VSS", "black", [ "h0", "v13", "h205", "v-25", "h107" ] ],
    [ "pot1:SIG", "lcd1:V0", "green", [ "v0" ] ],
    [ "mega:5V.2", "lcd1:VDD", "red", [ "h2", "v-1", "h437" ] ],
    [ "mega:5V.2", "pot1:VCC", "red", [ "h1", "v69", "h440" ] ],
    [ "mega:GND.5", "pot1:GND", "black", [ "h0", "v63", "h621" ] ],
    [ "mega:GND.5", "ntc1:GND", "black", [ "h4", "v33", "h213", "v-109" ] ],
    [ "mega:5V.1", "ntc1:VCC", "red", [ "v3", "h50", "v-196" ] ],
    [ "mega:A0", "ntc1:OUT", "green", [ "h-11", "v-213", "h237", "v161" ] ],
    [ "mega:8", "sw1:2", "green", [ "h0" ] ],
    [ "mega:5V.1", "sw1:3", "red", [ "v4", "h66", "v-179" ] ],
    [ "r2:2", "led1:A", "green", [ "v-11", "h-61" ] ],
    [ "mega:9", "r2:1", "green", [ "h0" ] ],
    [ "mega:GND.1", "led1:C", "black", [ "h47", "v4" ] ],
    [ "r3:2", "led2:A", "green", [ "v-8", "h-61", "v-3" ] ],
    [ "mega:11", "r3:1", "green", [ "h47", "v-5" ] ],
    [ "mega:GND.1", "led2:C", "black", [ "h55", "v-8" ] ],
    [ "mega:GND.1", "sw1:1", "black", [ "h59", "v1" ] ]
  ]
}